"file_name","value"
"A16598.txt",-0.928273618221283
"A09491.txt",-1.48348617553711
"A13345.txt",-1.96202337741852
"B01212.txt",-1.42530167102814
"A09441.txt",-2.59989929199219
"A11512.txt",-2.109290599823
"A10036.txt",-1.27631187438965
"A02131.txt",-2.5119788646698
"B15216.txt",-1.09826934337616
"B16048.txt",-2.60791921615601
"A68930.txt",-0.834179997444153
"B11957.txt",-1.73786902427673
"B15207.txt",-1.9859516620636
"A20964.txt",-1.19523143768311
"A14794.txt",-1.98610901832581
"A12995.txt",-0.778917193412781
"A08826.txt",-1.41034317016602
"A10081.txt",-0.463843703269958
"A01202.txt",-1.50361156463623
"A20505.txt",-2.32462787628174
"A16568.txt",-1.29810392856598
"A14802.txt",-1.84233522415161
"B15582.txt",-2.6391613483429
"B12950.txt",-1.84821975231171
"A05689.txt",-0.729146778583527
"A14114.txt",-2.41312742233276
"A01292.txt",-2.15781664848328
"A10473.txt",-2.40153527259827
"A03897.txt",-2.49014949798584
"A10050.txt",-1.82346177101135
"A16552.txt",-2.83167314529419
"A04889.txt",-1.40480875968933
"A03344.txt",-0.303505092859268
"A69235.txt",-1.45395934581757
"A20759.txt",-1.77750945091248
"A19807.txt",-2.93811082839966
"A35228.txt",-1.21972918510437
"A72233.txt",-1.36229968070984
"A10739.txt",-2.06897664070129
"A15731.txt",-0.70125937461853
"A20775.txt",-1.66687715053558
"A73755.txt",-2.30754160881042
"A16900.txt",-1.93849384784698
"A68832.txt",-1.10821378231049
"A21876.txt",-2.94982933998108
"B00721.txt",-0.505917072296143
"A04110.txt",-1.98211121559143
"A01374.txt",-0.728728950023651
"A02191.txt",-1.98410844802856
"A14975.txt",-3.00269412994385
"A16678.txt",-2.74231219291687
"B13489.txt",-0.923764526844025
"A08070.txt",-2.28549337387085
"A15315.txt",-2.23653054237366
"A68624.txt",-1.93591582775116
"A15800.txt",-2.27870440483093
"A20540.txt",-0.781069338321686
"A16492.txt",-1.03735756874084
"A18243.txt",-1.55234014987946
"A01291.txt",-2.12334752082825
"A08276.txt",-1.39647507667542
"B11431.txt",-1.3993171453476
"A19036.txt",-2.23117899894714
"A02982.txt",-2.20505332946777
"B12232.txt",-1.63211667537689
"A68588.txt",-3.13288760185242
"A15385.txt",-0.845413208007812
"A00502.txt",-0.535613358020782
"A07552.txt",-2.26442408561706
"A11537.txt",-1.85225176811218
"A22124.txt",-3.38778853416443
"A68463.txt",-2.06651973724365
"A14801.txt",-1.6617488861084
"A02723.txt",-1.95292890071869
"A73600.txt",-0.271180719137192
"A08799.txt",-1.4443222284317
"A10295.txt",-1.53739023208618
"A12086.txt",-3.22449111938477
"B00242.txt",-1.48907804489136
"A16506.txt",-1.18240535259247
"A00675.txt",-2.89465713500977
"A13755.txt",-0.911088764667511
"A08130.txt",-0.857840418815613
"A73426.txt",-1.68833780288696
"A06068.txt",-0.482344627380371
"A13835.txt",-1.07220888137817
"A19676.txt",-3.04217100143433
"A03713.txt",-1.82392179965973
"A01491.txt",-2.21631765365601
"A11541.txt",-1.85225176811218
"A09676.txt",-0.107052803039551
"A15012.txt",-1.53425908088684
"A73707.txt",0.184478759765625
"A03096.txt",-2.39079070091248
"A21055.txt",-0.26152977347374
"A10562.txt",-2.26789045333862
"A09974.txt",-1.25804316997528
"B12105.txt",-1.75789380073547
"A20936.txt",-0.906744480133057
"B07590.txt",-2.1039867401123
"A05198.txt",-2.08080959320068
"A01787.txt",-1.96980392932892
"B13601.txt",-2.21409559249878
"A08680.txt",-1.90796768665314
"A18208.txt",-0.96514481306076
"A05102.txt",-2.21617245674133
"A04961.txt",-2.64258980751038
"A06737.txt",-2.66787910461426
"A06370.txt",-1.5192037820816
"A08402.txt",-1.86256957054138
"A15137.txt",-1.76082420349121
"A12190.txt",-1.44304287433624
"A00416.txt",-1.750483751297
"A18711.txt",-2.489901304245
"A09353.txt",-0.41499850153923
"A04230.txt",-0.816720008850098
"A08578.txt",-1.02119672298431
"A09579.txt",-0.901045083999634
"A68781.txt",-2.20194244384766
"A10038.txt",-1.37218117713928
"A09284.txt",-1.82743203639984
"A03426.txt",-2.60865139961243
"A20953.txt",-2.05141854286194
"A20517.txt",-1.67748689651489
"A09255.txt",-2.35180139541626
"A06635.txt",-1.38859176635742
"A73175.txt",-0.456504732370377
"A15495.txt",-1.44898641109467
"B11821.txt",-1.04379487037659
"A04251.txt",-0.73045289516449
"A17889.txt",-0.433177560567856
"A15445.txt",-1.60476529598236
"A19060.txt",-2.00294208526611
"A05138.txt",-0.866599261760712
"A72064.txt",-1.09587359428406
"A16529.txt",-0.599137604236603
"A21065.txt",-0.187090173363686
"A08329.txt",-1.20610642433167
"B12363.txt",-2.44599604606628
"A68659.txt",-2.34457445144653
"A04062.txt",-2.26338720321655
"B13079.txt",-2.61496496200562
"A10559.txt",-1.4425755739212
"B14980.txt",-2.48757910728455
"A17514.txt",-1.24095571041107
"A04774.txt",-0.470834344625473
"A07767.txt",-2.57075667381287
"B16008.txt",-1.16503584384918
"A03232.txt",-1.60361230373383
"A19037.txt",-2.11730718612671
"A15694.txt",-2.27236890792847
"A14784.txt",-2.21906900405884
"A03639.txt",-1.50499856472015
"A03411.txt",-2.59896683692932
"A01735.txt",-0.537994563579559
"A16754.txt",-2.54986882209778
"A21050.txt",-0.97237765789032
"A01615.txt",-1.93549418449402
"A07204.txt",-1.06755590438843
"A73756.txt",-1.37161111831665
"A15528.txt",-0.756374657154083
"A17145.txt",-1.11769425868988
"A07763.txt",-2.13999795913696
"A14936.txt",-3.238276720047
"A19433.txt",-2.1839017868042
"A08441.txt",-2.4926233291626
"A21266.txt",-1.51702976226807
"B12279.txt",-2.59201836585999
"A07787.txt",-2.05575132369995
"A01560.txt",-1.217808842659
"A00682.txt",-2.76904964447021
"A03481.txt",-1.50613033771515
"A13235.txt",-1.16754329204559
"A08133.txt",-1.41962730884552
"A13629.txt",-2.24764513969421
"A72769.txt",-0.38204362988472
"B14450.txt",-0.652850985527039
"A20105.txt",-1.68421673774719
"A17070.txt",-1.6682254076004
"B08204.txt",-2.20666313171387
"B14216.txt",-2.91703820228577
"A11816.txt",-1.85316467285156
"A07423.txt",-1.30327367782593
"A07101.txt",-0.576774954795837
"B12280.txt",-1.63936507701874
"A04442.txt",-1.72743511199951
"A21049.txt",-0.973914802074432
"A19293.txt",-1.68877375125885
"B13494.txt",-1.17208623886108
"B12273.txt",-2.29425120353699
"A10929.txt",-1.17128849029541
"A18831.txt",-1.64815235137939
"A20796.txt",-1.8203387260437
"B07428.txt",-0.136235520243645
"A08981.txt",-1.36574077606201
"A19683.txt",-1.20650386810303
"A12094.txt",-1.52869784832001
"A15691.txt",-0.800241589546204
"A06450.txt",-0.0603328049182892
"A68809.txt",-1.06153225898743
"A19123.txt",-0.949485957622528
"A04112.txt",-1.13945937156677
"A17069.txt",-1.54942107200623
"A04543.txt",-1.56199753284454
"A13434.txt",-2.41893577575684
"A03600.txt",-0.800523340702057
"A20762.txt",-2.34153699874878
"B11806.txt",-1.53566074371338
"A21040.txt",-0.408490031957626
"A13732.txt",-2.27853894233704
"A72065.txt",-1.34624218940735
"A04125.txt",-1.38636004924774
"A13339.txt",-2.73147940635681
"A14909.txt",-0.599304497241974
"A22048.txt",-2.6544394493103
"A20544.txt",-2.51040244102478
"A18690.txt",-1.13128101825714
"A16852.txt",-1.64126479625702
"A17012.txt",-2.01241731643677
"A02186.txt",-1.92399740219116
"A17270.txt",-0.888996064662933
"A14828.txt",-1.85423076152802
"A10501.txt",-1.60571110248566
"A11619.txt",-1.80077195167542
"A12552.txt",-0.733508944511414
"A19044.txt",-2.08955001831055
"A72226.txt",-1.82669496536255
"A09732.txt",-2.18898177146912
"A97352.txt",-3.12301230430603
"A20782.txt",-0.300785094499588
"A73612.txt",-1.66884529590607
"A22117.txt",-2.45810651779175
"A20776.txt",-1.76846504211426
"A22333.txt",-2.19952344894409
"A08769.txt",-1.91033482551575
"A20583.txt",-1.47808301448822
"A15722.txt",-1.64297187328339
"A05364.txt",-1.2934091091156
"A19554.txt",-0.679191410541534
"A03724.txt",-2.28595185279846
"B14661.txt",-1.60207200050354
"A07789.txt",-1.87862980365753
"A15834.txt",-1.67220389842987
"A19399.txt",-1.14960730075836
"B14326.txt",-1.67480552196503
"A15086.txt",-0.211647242307663
"A20770.txt",-1.38203203678131
"B15678.txt",-1.6735200881958
"A09865.txt",-1.49476027488708
"A21275.txt",-0.466042518615723
"A06753.txt",-1.16925609111786
"A73757.txt",-0.994519054889679
"A15003.txt",-1.04309105873108
"B14174.txt",-1.58960902690887
"B13068.txt",-3.3920533657074
"B01191.txt",-2.52009797096252
"A13280.txt",-2.76257610321045
"A15346.txt",-1.59624063968658
"A00909.txt",-2.00072002410889
"B11658.txt",-2.58847784996033
"A03698.txt",-1.22351491451263
"A02683.txt",-2.74942278862
"A13818.txt",-0.264155775308609
"A12160.txt",-2.05593800544739
"A21144.txt",-2.39869499206543
"A13810.txt",-0.998540639877319
"A17917.txt",-1.73694288730621
"A68559.txt",-1.51046144962311
"A08768.txt",-2.31818032264709
"B12254.txt",-1.81876587867737
"A14642.txt",-0.987006068229675
"A12674.txt",-1.88399851322174
"A02335.txt",-2.49420285224915
"A20018.txt",-1.97822451591492
"A15673.txt",-0.815820634365082
"A13854.txt",-0.994337201118469
"B15648.txt",-0.556867063045502
"A10415.txt",-2.60860419273376
"A08533.txt",-2.02773427963257
"A72513.txt",-2.84055709838867
"A01737.txt",-0.971720635890961
"A69196.txt",-2.39002132415771
"A13111.txt",-2.46872639656067
"A02319.txt",-1.33786714076996
"A02912.txt",-0.452757179737091
"A09405.txt",-2.3570601940155
"A20507.txt",-1.36771070957184
"A06891.txt",-2.18252754211426
"A08477.txt",-2.21160840988159
"A13631.txt",-1.56559789180756
"A11406.txt",-1.83126080036163
"A20017.txt",-2.11839580535889
"A01698.txt",-1.59580433368683
"A13169.txt",-1.64115333557129
"A08772.txt",-1.41813457012177
"A17261.txt",-1.07916128635406
"A11048.txt",-2.33951616287231
"A13159.txt",-2.66574931144714
"A03641.txt",-1.15251660346985
"A09633.txt",-2.71294975280762
"A10746.txt",-1.4189178943634
"A11360.txt",-2.39480400085449
"A19857.txt",-1.438511967659
"B00873.txt",-2.0055456161499
"A18013.txt",-0.215398132801056
"A72399.txt",-3.34340834617615
"A07548.txt",-2.75685143470764
"A09554.txt",-0.939106464385986
"A15835.txt",-1.67220389842987
"A04256.txt",-1.77230560779572
"A13155.txt",-1.20457518100739
"A07291.txt",-0.245514079928398
"A14688.txt",-1.05770063400269
"A06098.txt",-1.92833030223846
"A13642.txt",-1.44101333618164
"A68585.txt",-1.40552306175232
"A11881.txt",-1.11254811286926
"B15184.txt",-1.75658845901489
"A17419.txt",-1.05286300182343
"A12523.txt",-1.57559657096863
"A07320.txt",-1.98896431922913
"A19954.txt",-2.47145342826843
"A08173.txt",-1.78707826137543
"A13060.txt",-1.99474501609802
"A01252.txt",-1.74978029727936
"A11383.txt",-1.65791201591492
"A04128.txt",-2.24703645706177
"A15496.txt",-1.73546934127808
"A09031.txt",-1.01247441768646
"A09885.txt",-2.41512250900269
"A19453.txt",-2.3126392364502
"A05311.txt",-2.45989084243774
"A07323.txt",-2.34781050682068
"A20576.txt",-1.60306775569916
"A20547.txt",-1.42313647270203
"B11633.txt",-2.76220870018005
"A13315.txt",-2.33541464805603
"B15223.txt",-1.85985338687897
"A03336.txt",-1.04020535945892
"A06216.txt",-2.62628102302551
"A10745.txt",-1.50339150428772
"A19373.txt",-1.80622887611389
"A17343.txt",-1.71197319030762
"A07683.txt",-1.7818785905838
"B12779.txt",-2.47992444038391
"A21258.txt",-0.778749942779541
"A04779.txt",-1.56585443019867
"A04141.txt",-2.55977487564087
"A68091.txt",-2.30850052833557
"A07371.txt",-2.18686604499817
"A15775.txt",-2.42478084564209
"A14984.txt",-2.39556741714478
"A16866.txt",-1.39028763771057
"A04214.txt",-0.607862591743469
"A00605.txt",-1.58294665813446
"A01209.txt",-2.77450251579285
"A68039.txt",-2.99809956550598
"B15663.txt",-1.39393556118011
"A19588.txt",-1.12147998809814
"A13527.txt",-0.779722809791565
"A19147.txt",-2.04954147338867
"A16763.txt",-1.54923808574677
"A13981.txt",-2.00833034515381
"B00327.txt",-1.45092141628265
"B00700.txt",-1.26744759082794
"B13195.txt",-1.72162771224976
"A01490.txt",-0.887528896331787
"A11258.txt",-1.69515776634216
"A10250.txt",-1.17579364776611
"A17267.txt",-0.683849215507507
"A15093.txt",-0.780307114124298
"A07477.txt",-0.648903250694275
"A68683.txt",-2.30885791778564
"A15779.txt",-2.09128594398499
"A17258.txt",-1.71993732452393
"A03416.txt",-1.79356205463409
"A19560.txt",-1.20719850063324
"A18036.txt",-2.03249764442444
"A13971.txt",-1.28842806816101
"A16286.txt",-2.74541640281677
"A12996.txt",-1.77536976337433
"B15202.txt",-1.28637599945068
"B11881.txt",-2.32130885124206
"A00170.txt",-2.32227396965027
"A10796.txt",-3.0577609539032
"A69076.txt",-0.54367458820343
"A73787.txt",-1.45977866649628
"A18082.txt",-1.42290914058685
"A72331.txt",-2.91438794136047
"B07949.txt",-2.23505139350891
"A18605.txt",-0.643267273902893
"B11962.txt",-1.257572889328
"B14220.txt",-2.42213416099548
"A10615.txt",-1.01973390579224
"A04224.txt",-2.13256430625916
"A15975.txt",-1.69544100761414
"A04198.txt",-1.2959326505661
"A06063.txt",-0.792798399925232
"A18212.txt",-1.59585928916931
"A68415.txt",-2.8286075592041
"A22608.txt",-2.24088644981384
"A04813.txt",-2.59490847587585
"A06687.txt",-2.48208260536194
"A11189.txt",-2.65661382675171
"B13659.txt",-2.25325798988342
"A10609.txt",-1.39895761013031
"A17728.txt",-1.0238448381424
"A68830.txt",-1.74800229072571
"A06676.txt",-0.995585501194
"A09713.txt",-2.06926512718201
"A07650.txt",-0.950627386569977
"A18335.txt",-1.87759578227997
"A09237.txt",-1.76209807395935
"A09644.txt",-2.58936333656311
"A00188.txt",-1.45653891563416
"B13895.txt",-2.10396552085876
"A17640.txt",-0.521829009056091
"A04207.txt",-1.88612139225006
"A00681.txt",-2.57430744171143
"A15824.txt",-0.631654977798462
"B16053.txt",-1.59544622898102
"A00407.txt",-3.1882004737854
"A01791.txt",-1.43247425556183
"A08514.txt",-1.86461973190308
"A17282.txt",-1.9527450799942
"A19402.txt",-1.55549478530884
"A19987.txt",-0.799367129802704
"A15799.txt",-1.80764615535736
"A12554.txt",-3.01340103149414
"A12260.txt",-1.58846795558929
"A68126.txt",-2.3983998298645
"A00463.txt",-1.49391853809357
"A19495.txt",-0.54928731918335
"A73131.txt",-2.89635682106018
"A14678.txt",-1.70867121219635
"A72019.txt",-1.3233745098114
"A00003.txt",-1.62128460407257
"A07200.txt",-0.259584754705429
"A05962.txt",-2.98821973800659
"A22562.txt",-2.13016748428345
"A09331.txt",-1.95287764072418
"A15684.txt",-1.03407692909241
"A17887.txt",-0.909853637218475
"A08161.txt",-2.64056801795959
"A20688.txt",-2.33091163635254
"A08811.txt",-2.01186919212341
"A73078.txt",-2.13541197776794
"A68877.txt",-1.10130262374878
"A20607.txt",-2.43774509429932
"A07452.txt",-1.18653154373169
"A05403.txt",-2.75530743598938
"B12027.txt",-2.20391654968262
"A08888.txt",-1.37877726554871
"A01743.txt",-1.22070407867432
"A69012.txt",-1.8505779504776
"B12613.txt",-2.25412702560425
"A01009.txt",-2.19149422645569
"A68312.txt",-2.41462016105652
"B14995.txt",-1.72969365119934
"A12768.txt",-1.29797983169556
"A04641.txt",-0.91927433013916
"A15827.txt",-1.31784296035767
"A10472.txt",-1.73880970478058
"A16720.txt",-1.82827055454254
"A69010.txt",-1.37559735774994
"A09056.txt",-2.79697966575623
"B12032.txt",-1.58154821395874
"A13238.txt",-1.57796800136566
"A00733.txt",-1.51333034038544
"A09564.txt",-2.7611711025238
"A01368.txt",-1.73255574703217
"A16925.txt",-0.531440079212189
"A04847.txt",-1.36856043338776
"A19856.txt",-0.297670841217041
"A11656.txt",-2.24482536315918
"A69075.txt",-0.364449262619019
"B07973.txt",-2.75394654273987
"A13170.txt",-0.673659145832062
"B15156.txt",-2.61303329467773
"B13665.txt",-0.818435370922089
"A03947.txt",-2.00295305252075
"A04991.txt",-1.10198402404785
"A10984.txt",-2.11111044883728
"A69130.txt",-0.540158569812775
"A21213.txt",0.0694448053836823
"A04596.txt",-2.5722017288208
"A14418.txt",-0.602394461631775
"A11812.txt",-2.79654502868652
"A07489.txt",-1.64664471149445
"A01449.txt",-0.768265306949615
"A10594.txt",-1.27417433261871
"A68865.txt",-1.58823573589325
"A05341.txt",-1.03248560428619
"A10878.txt",-2.46716713905334
"A19033.txt",-0.464034020900726
"A14199.txt",-1.56536769866943
"B07589.txt",-0.541545391082764
"A19035.txt",-1.70783054828644
"A01006.txt",-1.1056033372879
"A14399.txt",-1.16141676902771
"A14084.txt",-2.5678608417511
"A01596.txt",-0.276266843080521
"A10304.txt",-0.339418441057205
"A16752.txt",-1.6153736114502
"A21343.txt",-3.1344473361969
"A10925.txt",-2.45272278785706
"A12084.txt",-2.88511872291565
"A07269.txt",-1.66859781742096
"A04151.txt",-2.17120599746704
"A73832.txt",-0.883073329925537
"A17650.txt",-1.09907674789429
"A01382.txt",-2.38944816589355
"A08479.txt",-2.00459623336792
"A16916.txt",-1.92172205448151
"A73882.txt",-1.20811879634857
"A12506.txt",-0.0961024612188339
"A11520.txt",-1.83426797389984
"A10309.txt",-1.75554084777832
"A03764.txt",-0.68305915594101
"A18014.txt",-1.28646290302277
"A68615.txt",-3.22183322906494
"A15319.txt",-0.233221337199211
"A21081.txt",-1.74064064025879
"A14105.txt",-0.992160499095917
"B00565.txt",-1.40259146690369
"A19065.txt",-1.2370285987854
"A22087.txt",-2.36294651031494
"A02869.txt",-2.24393033981323
"A05770.txt",-2.27930021286011
"A14879.txt",-2.67443370819092
"A06689.txt",-0.218332156538963
"A13024.txt",-1.25484085083008
"A07450.txt",-1.54261517524719
"A08201.txt",-1.7967928647995
"A20765.txt",-1.64277613162994
"A10046.txt",-1.33312237262726
"A22481.txt",-1.19883155822754
"A19626.txt",-1.15419518947601
"A14985.txt",-1.99325823783874
"A01088.txt",-2.20821046829224
"B01023.txt",-0.908591210842133
"A15512.txt",-1.80942738056183
"B14201.txt",-2.86800956726074
"B01135.txt",-1.43773686885834
"A03839.txt",-3.12740039825439
"A01160.txt",-2.16071105003357
"A16505.txt",-0.772634387016296
"B14289.txt",-1.50463819503784
"B14421.txt",-2.37252402305603
"A73156.txt",-2.3392219543457
"A23433.txt",-0.712986826896667
"A10606.txt",-2.1424286365509
"A21157.txt",-2.06765508651733
"A10740.txt",-0.935390055179596
"A16564.txt",-2.75189709663391
"A17262.txt",-1.96387231349945
"A16803.txt",-2.31879353523254
"A12254.txt",-2.39961409568787
"A07733.txt",-1.46029996871948
"A10924.txt",-2.07277750968933
"A73324.txt",-3.35517430305481
"B00232.txt",-2.33697056770325
"A04973.txt",-1.59542870521545
"A72050.txt",-2.32727980613708
"A14155.txt",-0.298225790262222
"A00504.txt",-0.635155439376831
"A72375.txt",-0.957434415817261
"A08690.txt",-2.80549120903015
"A16859.txt",-1.6820627450943
"B12458.txt",-2.12084579467773
"A20946.txt",-1.18797075748444
"A15010.txt",-1.0194845199585
"A07461.txt",-2.14717888832092
"A17031.txt",-1.50604379177094
"B07586.txt",-1.16523861885071
"B11958.txt",-1.63173365592957
"A21088.txt",-2.22494339942932
"A19943.txt",-2.45053625106812
"A20766.txt",-0.321157157421112
"A21067.txt",-1.77023184299469
"A73749.txt",-2.66417026519775
"A12509.txt",-0.0195861533284187
"A22730.txt",-2.95269155502319
"A14996.txt",-1.18293929100037
"B12251.txt",-1.03245973587036
"A07350.txt",-1.96262228488922
"A68396.txt",-1.75589323043823
"A10206.txt",-1.53277254104614
"B00963.txt",-2.57062029838562
"A72530.txt",-1.9357271194458
"A03419.txt",-0.203534215688705
"A16497.txt",-1.33642089366913
"A10553.txt",-1.39913833141327
"A00297.txt",-2.50823497772217
"A10145.txt",-2.87253737449646
"A72904.txt",-1.45498979091644
"A17245.txt",-0.532625436782837
"A14185.txt",0.0287278611212969
"A10789.txt",-2.4536120891571
"A06333.txt",-1.65159368515015
"A17442.txt",-0.610503554344177
"A22140.txt",-2.25856399536133
"A06456.txt",-1.88451194763184
"B11805.txt",-2.78079342842102
"A69349.txt",-2.80486989021301
"A01260.txt",-2.39003872871399
"B07677.txt",-2.27008986473083
"B13970.txt",-2.04067730903625
"A19366.txt",-1.70791065692902
"A17418.txt",-2.08126044273376
"A11509.txt",-1.5960568189621
"A09822.txt",-1.48667252063751
"A02804.txt",-2.44435811042786
"A68795.txt",-1.57247996330261
"A04393.txt",-1.6173609495163
"B14168.txt",-2.98714876174927
"A07604.txt",-1.76685965061188
"A72482.txt",-2.41344094276428
"A12573.txt",-2.26284599304199
"A19326.txt",-1.97882831096649
"A21279.txt",-1.66498100757599
"B13105.txt",-2.51072764396667
"B14990.txt",-3.6693685054779
"A13234.txt",-1.59537994861603
"A16173.txt",-0.825073421001434
"A08202.txt",-1.79446005821228
"A17079.txt",-1.15809106826782
"B00633.txt",-2.40755534172058
"A05534.txt",-1.55249285697937
"A12982.txt",-1.18060946464539
"A72336.txt",-2.89482879638672
"A07776.txt",-0.892678022384644
"A01473.txt",-1.8099102973938
"A15144.txt",-0.838468313217163
"A17696.txt",-0.721873939037323
"A18050.txt",-1.01222288608551
"B13595.txt",-2.19842052459717
"B15555.txt",-0.465243071317673
"A72176.txt",-2.03261351585388
"A15832.txt",-2.53725600242615
"A14087.txt",-2.20555591583252
"A03693.txt",-2.3396635055542
"A69277.txt",-1.31043565273285
"A03614.txt",-1.53368353843689
"A72410.txt",0.486288219690323
"A12656.txt",-1.75659549236298
"A03407.txt",-1.10696125030518
"A10283.txt",-2.10019659996033
"A03281.txt",-1.53971457481384
"A16526.txt",-0.857176125049591
"A03790.txt",-2.32736277580261
"A09092.txt",-1.53708636760712
"A13773.txt",-1.86026477813721
"B15167.txt",-1.87996602058411
"A02889.txt",-1.19549751281738
"A05347.txt",-1.1012681722641
"A05792.txt",-0.3548783659935
"A08213.txt",-0.880628049373627
"B15215.txt",-1.68936693668365
"A10617.txt",-1.07067215442657
"A22472.txt",-1.39592254161835
"A03810.txt",-0.983361423015594
"A14989.txt",-1.81799459457397
"A73793.txt",-2.19411659240723
"A09333.txt",-1.51399576663971
"A69007.txt",-1.50569868087769
"B13868.txt",-1.1444319486618
"A13775.txt",-2.70857119560242
"A14197.txt",-0.692203223705292
"A10218.txt",-2.32054901123047
"B15588.txt",-1.29133915901184
"A20163.txt",-1.94500195980072
"A19800.txt",-1.35630333423615
"A04284.txt",-1.61380743980408
"B13860.txt",-1.89785373210907
"A08085.txt",-2.07529282569885
"A14992.txt",-0.844898819923401
"B07636.txt",-1.47249960899353
"A13969.txt",-1.75733172893524
"A14645.txt",-3.31761431694031
"A05363.txt",-2.06597113609314
"B14004.txt",-1.21848225593567
"A11368.txt",-0.772623300552368
"A14766.txt",-2.13525056838989
"A19174.txt",-0.77754008769989
"A10753.txt",-1.14793789386749
"A13360.txt",-2.25670075416565
"A10232.txt",-1.69713366031647
"A12274.txt",-0.754086911678314
"A01635.txt",-0.89462399482727
"A08164.txt",-1.94041550159454
"A68657.txt",-2.22930645942688
"B00431.txt",-1.62056469917297
"A10216.txt",-1.07942593097687
"A05983.txt",-0.55986350774765
"A03066.txt",-2.396892786026
"A72475.txt",-0.0336754322052002
"A14935.txt",-2.00680899620056
"A07444.txt",-0.723297774791718
"A08035.txt",-1.85287630558014
"A14982.txt",-2.80209970474243
"A73841.txt",-0.0225904565304518
"A16354.txt",-0.703507006168365
"A18977.txt",-1.23374760150909
"A72089.txt",-1.0269376039505
"A07272.txt",-2.12787628173828
"A17475.txt",-1.96942126750946
"B12529.txt",-1.80179297924042
"A73849.txt",-2.10813331604004
"A10240.txt",-2.02267408370972
"A16853.txt",-0.921700298786163
"A21263.txt",-0.867389500141144
"A12484.txt",-0.5494264960289
"A09881.txt",-2.93438267707825
"B08178.txt",-1.35494077205658
"A18357.txt",-0.950694024562836
"B11281.txt",-0.648679673671722
"A19474.txt",0.01684545353055
"A03311.txt",-0.547452390193939
"A02442.txt",-1.87810957431793
"A14970.txt",-2.51592803001404
"A14827.txt",-1.6853004693985
"A01010.txt",-0.762547135353088
"A07289.txt",-0.866263926029205
"A08092.txt",-2.97089052200317
"B08132.txt",-2.80372762680054
"A05137.txt",-1.81832432746887
"A11205.txt",-1.52487504482269
"B16254.txt",-1.21795010566711
"A14333.txt",-2.41520714759827
"A00919.txt",-0.913584887981415
"A09559.txt",-3.09560871124268
"A04238.txt",-1.29183781147003
"A07301.txt",-2.71520924568176
"A12801.txt",-1.04828786849976
"A72251.txt",-1.21645450592041
"A13907.txt",-0.458918482065201
"A10156.txt",-2.34919238090515
"A00410.txt",-1.7292160987854
"A15864.txt",-1.93114686012268
"A09175.txt",-1.32980716228485
"A07608.txt",-1.77730250358582
"A14923.txt",-1.89082026481628
"A05494.txt",-1.81224477291107
"A10080.txt",-2.3499321937561
"A09013.txt",-2.27833557128906
"A07529.txt",-1.48146796226501
"A01705.txt",-1.37338829040527
"A02072.txt",-1.12976706027985
"A18305.txt",-1.33459103107452
"A10053.txt",-1.91085004806519
"A14209.txt",-2.52427315711975
"A03927.txt",-1.92194271087646
"A20559.txt",-1.31476068496704
"A08891.txt",-0.650906443595886
"B00457.txt",-2.20830965042114
"B13697.txt",-1.40079581737518
"A05285.txt",-2.64119386672974
"B14689.txt",-2.46631360054016
"B01215.txt",-1.53051733970642
"A05056.txt",-1.53102159500122
"A10733.txt",-1.50352275371552
"A10083.txt",-1.17715871334076
"A03696.txt",-1.30523252487183
"A14284.txt",-1.18176305294037
"A10132.txt",-2.43731451034546
"B11845.txt",-2.13041114807129
"A08846.txt",-1.44571995735168
"A05405.txt",-2.21145153045654
"A08538.txt",-2.41111445426941
"A08311.txt",-1.33628690242767
"A07988.txt",-1.80748987197876
"A04754.txt",-2.15428686141968
"B01125.txt",-1.77014660835266
"A07124.txt",-2.56471133232117
"A07487.txt",-0.376473814249039
"A17028.txt",-0.91589766740799
"A13850.txt",-1.69126641750336
"A08131.txt",-1.37106907367706
"A17044.txt",-2.00287914276123
"A17458.txt",-2.66494488716125
"A20958.txt",-1.47774910926819
"A73836.txt",-1.65740764141083
"A11408.txt",-2.39954948425293
"A12615.txt",-2.87915587425232
"A10135.txt",-1.30998349189758
"A13120.txt",-1.39371824264526
"A73288.txt",-1.62023210525513
"A09170.txt",-2.30334138870239
"A01711.txt",-0.905985653400421
"B14901.txt",-2.30023384094238
"A08067.txt",-2.47143602371216
"A14601.txt",-2.39567470550537
"A20957.txt",-1.39635300636292
"A20752.txt",-1.40284788608551
"B07680.txt",-0.683363974094391
"A07967.txt",-1.6493364572525
"A68225.txt",-2.17658376693726
"A09054.txt",-1.15784287452698
"B15284.txt",-2.73489546775818
"B11014.txt",-1.91896045207977
"A10134.txt",-0.762901604175568
"A10400.txt",-3.48042106628418
"A05467.txt",-1.8745219707489
"A00548.txt",-1.69132387638092
"A21104.txt",-1.7393753528595
"A07358.txt",-0.50777280330658
"A09780.txt",-0.596129715442657
"A02208.txt",-1.53304398059845
"A14254.txt",-1.9966231584549
"A20188.txt",-1.05530250072479
"A04034.txt",-1.11173892021179
"A09569.txt",-2.79181456565857
"A19984.txt",-2.01887702941895
"A15494.txt",-1.68963658809662
"B08104.txt",-1.51977694034576
"A12093.txt",-1.46207106113434
"A14809.txt",-1.03934276103973
"A17444.txt",-0.992111682891846
"A12976.txt",-1.07381200790405
"B00956.txt",-1.94478690624237
"A03852.txt",-2.00944876670837
"A19153.txt",-1.8446284532547
"A02060.txt",-2.31591558456421
"A13154.txt",-2.07289052009583
"A04970.txt",-1.87165105342865
"A17883.txt",-2.37068605422974
"A18981.txt",-2.00637578964233
"A10133.txt",-1.16497421264648
"B14844.txt",-1.63259601593018
"A18963.txt",-0.943412363529205
"A00406.txt",-1.13627243041992
"A73382.txt",-0.703721404075623
"A06821.txt",-1.82705819606781
"B13693.txt",-1.064368724823
"A13178.txt",-0.826460182666779
"A01263.txt",-0.397099494934082
"B07702.txt",-1.11424446105957
"A01159.txt",-0.945730865001678
"A08071.txt",-2.28549337387085
"A16362.txt",-0.79071033000946
"A20756.txt",-1.9499626159668
"A03763.txt",-1.81974697113037
"A07874.txt",-0.966456055641174
"A09488.txt",-2.28012013435364
"B01127.txt",-0.659430861473083
"A01420.txt",-0.754410088062286
"A07208.txt",-0.579973042011261
"A17731.txt",-1.68754005432129
"A73373.txt",-1.63546764850616
"A22193.txt",-0.94151908159256
"A22060.txt",-1.76013398170471
"A19518.txt",-1.6505389213562
"A01452.txt",-1.54897522926331
"A21378.txt",-2.88673138618469
"B12783.txt",-2.04625582695007
"A12482.txt",-0.888147175312042
"A13834.txt",-2.3594491481781
"A10401.txt",-2.360102891922
"A10318.txt",-0.893273770809174
"A09891.txt",-2.1659939289093
"A72183.txt",-2.51034569740295
"A14322.txt",-1.48042631149292
"A00593.txt",-1.94181203842163
"A20556.txt",-1.93288779258728
"A07457.txt",-1.6139041185379
"A15576.txt",-2.94537353515625
"A13711.txt",-2.0632815361023
"A18052.txt",0.0332937389612198
"A09819.txt",-1.06374168395996
"A10320.txt",-1.1427413225174
"A13209.txt",-1.53324508666992
"A03444.txt",-1.39603352546692
"A03461.txt",-2.09398937225342
"A03334.txt",-0.940157890319824
"A21925.txt",-3.04022526741028
"A05318.txt",-1.23377752304077
"A72514.txt",-1.28847789764404
"A18397.txt",-1.13138687610626
"A14262.txt",-1.26478838920593
"A03795.txt",-1.80597996711731
"B12728.txt",-2.48152256011963
"A18017.txt",-1.52859699726105
"A08989.txt",-0.708730936050415
"A22141.txt",-2.1239070892334
"A20150.txt",-1.90141797065735
"B00623.txt",-1.72973370552063
"A21174.txt",-0.309144020080566
"A03717.txt",-2.02652359008789
"A03928.txt",-1.92038476467133
"A03674.txt",-1.87170720100403
"A20602.txt",-1.24792432785034
"A08592.txt",-2.18961381912231
"A04323.txt",-1.22386801242828
"A09782.txt",-1.11007308959961
"A07549.txt",-2.27741837501526
"A14860.txt",-1.00970709323883
"A05303.txt",-1.3062025308609
"A13884.txt",-1.07820916175842
"A13028.txt",-2.32901549339294
"B13871.txt",-2.95484280586243
"A73805.txt",-2.40053582191467
"A08256.txt",-2.297199010849
"A00337.txt",-1.77424931526184
"A69044.txt",-1.77676141262054
"A06685.txt",-1.44460391998291
"A01165.txt",-1.67561769485474
"A10394.txt",-0.302248984575272
"A20928.txt",-1.72884893417358
"A72883.txt",-2.05664968490601
"A73301.txt",-1.78769207000732
"A12016.txt",-1.15713405609131
"A18210.txt",-2.18735647201538
"A11532.txt",-1.52264094352722
"A20934.txt",-1.4832878112793
"A15738.txt",-1.56115365028381
"A72993.txt",-2.61725831031799
"A22609.txt",-1.30079400539398
"A14374.txt",-0.97138637304306
"A07918.txt",-2.37715864181519
"A04269.txt",-1.10656189918518
"A13872.txt",-0.896741509437561
"A14281.txt",-2.37672257423401
"A18974.txt",-1.10370254516602
"A08812.txt",-1.16461420059204
"B11412.txt",-1.06943964958191
"A14856.txt",-1.58823573589325
"A11606.txt",-1.87575364112854
"A11249.txt",-2.38113689422607
"A13693.txt",-1.18693161010742
"A01562.txt",-1.75618159770966
"A14963.txt",-1.21609199047089
"A15324.txt",-1.28406918048859
"A08096.txt",-3.0003809928894
"A00756.txt",-1.67412781715393
"A04028.txt",-1.8762354850769
"A09275.txt",-2.80458569526672
"A09077.txt",-0.562138915061951
"A06692.txt",-1.72800362110138
"A18506.txt",-2.02187299728394
"A15447.txt",-1.79141902923584
"A11640.txt",-2.28962850570679
"A19787.txt",-2.1979250907898
"A17283.txt",-1.12214875221252
"A11585.txt",-1.77209746837616
"A04776.txt",-0.396204620599747
"A02447.txt",-1.59459364414215
"A00453.txt",-2.55891060829163
"A20471.txt",-1.32327568531036
"A15139.txt",-1.88199484348297
"B15350.txt",-0.275288909673691
"A10783.txt",-2.5166597366333
"A15859.txt",-1.39925765991211
"B11278.txt",-1.07956075668335
"A04486.txt",-2.40510511398315
"A06360.txt",-1.24640095233917
"A07982.txt",-2.54010391235352
"A60431.txt",-1.05187916755676
"A06433.txt",-1.93368971347809
"A09211.txt",-1.42094576358795
"A13269.txt",-3.35158634185791
"A07488.txt",-1.12199246883392
"B14338.txt",-2.1358015537262
"B12220.txt",-2.06902170181274
"A68217.txt",-2.12487936019897
"A01450.txt",-1.91985511779785
"B15559.txt",-1.32648932933807
"A13341.txt",-1.18967854976654
"A19332.txt",-1.08924877643585
"A16736.txt",-1.48258030414581
"A13314.txt",-1.71058905124664
"B14559.txt",-2.235196352005
"A10311.txt",-2.59421992301941
"A14974.txt",-2.32493996620178
"A69245.txt",-1.26907026767731
"A09668.txt",-1.63633179664612
"A17513.txt",-1.91734790802002
"A03605.txt",-1.08490991592407
"A01801.txt",-0.97712641954422
"A18672.txt",-2.09607696533203
"B12021.txt",-1.49094843864441
"A08326.txt",-0.449876010417938
"B11947.txt",-2.28631329536438
"A13142.txt",-1.42142283916473
"A72861.txt",-2.67941784858704
"A03857.txt",-2.24667286872864
"A12430.txt",-1.23171317577362
"B15052.txt",-2.61202359199524
"A11834.txt",-1.87792658805847
"A17734.txt",-2.32296109199524
"A19639.txt",-1.94234395027161
"A21061.txt",-0.73406857252121
"A03950.txt",-3.28774070739746
"A15736.txt",-2.33666014671326
"A19372.txt",-1.47056794166565
"B12326.txt",-1.04570388793945
"A72059.txt",-0.559093534946442
"A15391.txt",-1.82750642299652
"A17247.txt",-0.576964020729065
"A17457.txt",-1.53992211818695
"B14452.txt",-1.39521861076355
"A04767.txt",-1.30168426036835
"A20161.txt",-1.51003086566925
"A18468.txt",-2.2623143196106
"A12524.txt",-1.69348299503326
"A09949.txt",-1.61695063114166
"A04503.txt",-1.22857296466827
"A07625.txt",-0.834319591522217
"A03915.txt",-1.82102465629578
"A68568.txt",-1.71727275848389
"A13173.txt",-2.53819465637207
"A68718.txt",-0.806035935878754
"B12489.txt",-0.396025955677032
"A09859.txt",-1.96610307693481
"B16258.txt",-3.01988291740417
"A15726.txt",-0.269016623497009
"A05203.txt",-2.30993175506592
"A18250.txt",-0.728073835372925
"A11156.txt",-1.63916790485382
"A19311.txt",-1.89577829837799
"A07472.txt",-1.30787742137909
"A11180.txt",-0.834070801734924
"A13413.txt",-2.19153118133545
"B12497.txt",0.23286746442318
"A15091.txt",0.0669500380754471
"A06108.txt",-2.10861539840698
"A17269.txt",-1.17853271961212
"A15503.txt",-2.10942435264587
"A13322.txt",-2.23909258842468
"A17024.txt",-1.72674930095673
"A89915.txt",-0.734442055225372
"A11481.txt",-2.41297268867493
"A10928.txt",-0.856402099132538
"A15387.txt",-1.39490699768066
"A13248.txt",-2.32097578048706
"A10906.txt",-1.42050516605377
"A03695.txt",-1.71402835845947
"A21269.txt",-0.832702457904816
"A06732.txt",-2.25582385063171
"A12120.txt",-0.448234170675278
"B15838.txt",-1.75686943531036
"A20860.txt",-2.14684152603149
"A00428.txt",-1.48859965801239
"A07312.txt",-1.97424745559692
"A04415.txt",-0.849787831306458
"A07778.txt",-1.77724516391754
"A19746.txt",-1.9011447429657
"A10795.txt",-1.48852467536926
"A15819.txt",-1.24514770507812
"A09580.txt",-0.585786759853363
"A19892.txt",-0.764496505260468
"A06855.txt",-2.10886549949646
"A18018.txt",-1.471355676651
"A05517.txt",-0.463794976472855
"B12882.txt",-3.27474641799927
"B13511.txt",-1.15283989906311
"A17038.txt",-0.997160315513611
"A00912.txt",-2.48108196258545
"A18980.txt",-1.76559841632843
"A13290.txt",-1.89248037338257
"A18163.txt",-0.387754321098328
"A16904.txt",-1.50132703781128
"A69161.txt",-0.672409296035767
"B00084.txt",-0.689182460308075
"A10231.txt",-1.1615879535675
"A00914.txt",-2.57457876205444
"A03268.txt",-0.497320353984833
"A19946.txt",-2.64445519447327
"A16495.txt",-2.27326941490173
"B13167.txt",-3.37900447845459
"A12709.txt",-0.979949772357941
"A18965.txt",-1.9542943239212
"A12703.txt",-0.211593642830849
"A73176.txt",0.0543180555105209
"A13948.txt",-2.50428318977356
"A00173.txt",-2.37325763702393
"A73533.txt",-2.21163988113403
"A03760.txt",-2.46735692024231
"A09254.txt",-1.02590930461884
"A19624.txt",-1.28890407085419
"B12582.txt",-2.64644932746887
"B15410.txt",-3.21576356887817
"B12432.txt",-0.664757609367371
"A03559.txt",-1.5893315076828
"A03392.txt",-0.89398181438446
"A04645.txt",-1.97179532051086
"A03687.txt",-1.93726027011871
"A12807.txt",-1.3380321264267
"A13168.txt",-2.1273729801178
"A20606.txt",-0.928664088249206
"A21935.txt",-2.53828859329224
"B07982.txt",-1.2884773015976
"A72547.txt",-1.3387598991394
"A19962.txt",-1.62191212177277
"A08052.txt",-2.04821968078613
"A09219.txt",-0.718903183937073
"A06901.txt",-2.60254168510437
"A17049.txt",-1.1573326587677
"A03678.txt",-1.10843396186829
"B00554.txt",-1.96349346637726
"A12915.txt",-1.82724857330322
"A73521.txt",-2.19184684753418
"A00544.txt",-0.322546124458313
"A18947.txt",-0.731406331062317
"A03500.txt",-0.332714766263962
"A14043.txt",-1.52374458312988
"A10874.txt",-1.71349513530731
"A11213.txt",-1.48686873912811
"B08135.txt",-1.19562292098999
"A08952.txt",-1.96548330783844
"A08590.txt",-1.17591845989227
"B14664.txt",-1.66861689090729
"A10966.txt",-0.245346188545227
"A03758.txt",-0.936128556728363
"A18615.txt",-1.3627165555954
"A73472.txt",-2.31726217269897
"A08870.txt",-1.56751501560211
"A08094.txt",-2.41560816764832
"A13883.txt",-1.35575318336487
"A13218.txt",-3.33211636543274
"A15836.txt",-1.28071117401123
"A11144.txt",-0.457976251840591
"A73031.txt",-2.42341208457947
"B12019.txt",-1.1158834695816
"A00415.txt",-1.63711559772491
"B12199.txt",-0.38548868894577
"A15344.txt",0.0246326494961977
"A00731.txt",-0.260127395391464
"A08319.txt",-2.39308953285217
"B14669.txt",-1.07237005233765
"B12904.txt",-2.44466543197632
"A10995.txt",-1.98097467422485
"A11377.txt",-1.35216701030731
"A72329.txt",-0.924658358097076
"B16379.txt",-0.338149726390839
"A07270.txt",-1.51526689529419
"B07555.txt",-2.3898618221283
"A04540.txt",-0.530423998832703
"A05165.txt",-2.4405415058136
"A06388.txt",0.182105779647827
"A11176.txt",-2.20577549934387
"A02930.txt",-2.37457013130188
"A12096.txt",-1.84434020519257
"A07288.txt",-1.54051744937897
"A08065.txt",-0.890376925468445
"A19310.txt",-1.21295177936554
"A14032.txt",-2.36549019813538
"A00142.txt",-2.1146125793457
"A17812.txt",-2.24668288230896
"A14778.txt",-1.33990597724915
"A74002.txt",-2.58191728591919
"A17473.txt",-3.36360144615173
"A05999.txt",-2.00519728660583
"A10084.txt",-0.7340447306633
"A72311.txt",-2.01126503944397
"B12200.txt",-1.4611474275589
"A09010.txt",-2.19813632965088
"A05191.txt",-1.2124205827713
"B14334.txt",-1.50631988048553
"A01814.txt",-0.997112393379211
"A19716.txt",-1.80707621574402
"A69197.txt",-1.71971619129181
"A13156.txt",-1.03011131286621
"A23406.txt",-0.411266803741455
"A20215.txt",-1.31882417201996
"A19622.txt",-2.3736355304718
"A05995.txt",-0.192656025290489
"A11603.txt",-1.23584842681885
"A03276.txt",-1.97279095649719
"A10735.txt",-0.24868007004261
"A07953.txt",-1.45191466808319
"A13025.txt",-2.56262397766113
"A03465.txt",-1.03859961032867
"A18602.txt",-1.13940680027008
"B13862.txt",-2.52226948738098
"A21184.txt",-1.81484472751617
"A14450.txt",-1.63399684429169
"A01203.txt",-1.85028529167175
"B07157.txt",-2.10472726821899
"A08800.txt",-0.959411680698395
"B14964.txt",-2.49674081802368
"A13298.txt",-1.68474185466766
"A22037.txt",-2.38715291023254
"B14862.txt",-0.305633008480072
"A16531.txt",-0.373679161071777
"A13331.txt",-2.17298984527588
"A72113.txt",-2.52746963500977
"A09733.txt",-1.54899942874908
"A19695.txt",-0.531610488891602
"A73149.txt",-2.40526461601257
"A03450.txt",-2.19772529602051
"A21051.txt",-1.43992483615875
"A02472.txt",-2.28720259666443
"A11591.txt",-1.20292413234711
"A09561.txt",-2.6717414855957
"A08323.txt",-2.7928318977356
"A16274.txt",-2.87813901901245
"A18388.txt",-1.03327524662018
"A69233.txt",-1.25251269340515
"A07888.txt",-1.9771876335144
"A19232.txt",-1.23560953140259
"A03949.txt",-1.82340252399445
"A03451.txt",-2.82031273841858
"A04235.txt",-1.99492514133453
"A08562.txt",-0.952031493186951
"A72554.txt",-2.27317142486572
"A13250.txt",-1.51217114925385
"A68445.txt",-0.83077484369278
"A19855.txt",-1.61435687541962
"A09897.txt",-2.60779213905334
"A12604.txt",-1.45594501495361
"A72376.txt",-1.99167943000793
"A09740.txt",-3.44643115997314
"A15745.txt",-1.33239603042603
"A16831.txt",-0.0983008518815041
"A01284.txt",-2.89344763755798
"A12701.txt",-1.2623952627182
"A09024.txt",-0.148691236972809
"A09667.txt",-1.43903458118439
"A20528.txt",-1.09335231781006
"A04374.txt",-0.19154879450798
"A04220.txt",-1.7567652463913
"A02771.txt",-0.509478628635406
"A01074.txt",-1.3113899230957
"A73899.txt",-1.79286575317383
"A00503.txt",-2.56728029251099
"B15755.txt",-1.69945061206818
"A10876.txt",-1.65969920158386
"A13640.txt",-1.54032218456268
"A08598.txt",-1.7492949962616
"A06304.txt",-2.45240473747253
"B12801.txt",-2.63575649261475
"A72809.txt",-2.12659740447998
"A09312.txt",-1.63556849956512
"B14543.txt",-1.03831541538239
"A18056.txt",-1.64929854869843
"A02740.txt",-0.614539325237274
"A08047.txt",-3.02355647087097
"A18567.txt",-1.61420714855194
"B11609.txt",-1.69020402431488
"A12983.txt",-0.113111913204193
"A09287.txt",-0.654816627502441
"A13632.txt",-0.454131186008453
"A19582.txt",-0.489743530750275
"A17499.txt",-1.10901641845703
"A06606.txt",-1.10371363162994
"A72054.txt",-0.777511239051819
"A12793.txt",-0.477431297302246
"A10037.txt",-0.9680615067482
"A14861.txt",-1.70050728321075
"A08504.txt",-2.06386041641235
"A18271.txt",-2.56090712547302
"A15857.txt",-2.17641091346741
"A08121.txt",-2.52642393112183
"A10061.txt",-1.42145109176636
"B13142.txt",-2.57306027412415
"A73009.txt",-1.57644546031952
"A07964.txt",-1.70373725891113
"A10384.txt",-2.09925532341003
"A69019.txt",-1.04364228248596
"A08707.txt",-1.51586210727692
"A07721.txt",-2.58682918548584
"A21036.txt",-0.905462265014648
"A73378.txt",-2.20050263404846
"A09490.txt",-1.04589152336121
"A09677.txt",-1.23690545558929
"A01103.txt",-1.09931540489197
"B16297.txt",-1.87219095230103
"B11942.txt",-2.56070423126221
"A04221.txt",-1.16459441184998
"A08107.txt",-2.23821258544922
"A04575.txt",-1.92938911914825
"A73880.txt",-1.51162326335907
"A13071.txt",-1.06653165817261
"A03443.txt",-1.73633658885956
"B12204.txt",-1.95867276191711
"A12558.txt",-1.34375619888306
"A20536.txt",-0.703392803668976
"B13823.txt",-2.07130408287048
"A72143.txt",-0.85885351896286
"A08101.txt",-2.70121002197266
"A21059.txt",-1.29987955093384
"B15418.txt",-2.34006571769714
"A22736.txt",-2.50515246391296
"A18332.txt",-0.576168894767761
"A15797.txt",-0.806681096553802
"A12988.txt",-1.81617414951324
"A73904.txt",-0.39687517285347
"A69145.txt",-1.86491000652313
"A04995.txt",-2.70497632026672
"A07419.txt",-2.48905897140503
"A20673.txt",-1.10524523258209
"A03356.txt",-0.862396121025085
"B14215.txt",-0.371785551309586
"A18954.txt",-0.800469875335693
"A04364.txt",-2.57609248161316
"A13767.txt",-1.97054433822632
"B12777.txt",-1.7251570224762
"A05053.txt",-2.38499736785889
"A16523.txt",-2.08313727378845
"A19643.txt",-2.01667070388794
"A07104.txt",-2.61389851570129
"A12767.txt",-0.849160552024841
"B14118.txt",-1.18950760364532
"A09135.txt",-1.72229373455048
"A20358.txt",-0.769275784492493
"A23187.txt",-2.03725552558899
"A01846.txt",-1.11424446105957
"A19694.txt",-1.26546907424927
"A10589.txt",-2.39421916007996
"A10690.txt",-1.7015814781189
"A13578.txt",-0.856407165527344
"A13118.txt",-2.4809787273407
"A01580.txt",-2.29535484313965
"A19799.txt",-1.600182056427
"A07994.txt",-1.79914438724518
"A10698.txt",-1.96957850456238
"A15753.txt",-2.09385776519775
"A10079.txt",-0.893448412418365
"B14373.txt",-1.73136019706726
"B14007.txt",-2.30496144294739
"A09813.txt",-1.8747866153717
"A14108.txt",-1.3643205165863
"B14968.txt",-2.26624321937561
"A08536.txt",-2.71901679039001
"A07688.txt",-2.53935766220093
"A11823.txt",-2.0066180229187
"B14451.txt",-2.15392589569092
"A68336.txt",-0.940824747085571
"A09675.txt",-0.564563155174255
"A15057.txt",-1.76009368896484
"A12700.txt",-0.870008111000061
"A16596.txt",-1.74003314971924
"A20362.txt",-1.47877538204193
"A04506.txt",-1.0715833902359
"A14604.txt",-1.4250910282135
"A15847.txt",-2.78256034851074
"A21042.txt",-1.29651010036469
"A01492.txt",-2.03052139282227
"A18960.txt",-0.952423214912415
"A11596.txt",-1.020543217659
"A19029.txt",-2.02819228172302
"A06074.txt",-1.8335337638855
"A05416.txt",-1.6517995595932
"A73323.txt",-1.07436072826385
"A11588.txt",-1.17252349853516
"A10556.txt",-2.1774537563324
"A81935.txt",-2.02711343765259
"A06799.txt",-0.76303106546402
"A09944.txt",-2.30823516845703
"A21450.txt",-2.0942702293396
"A68500.txt",-2.56002354621887
"A05075.txt",-1.5695413351059
"A03308.txt",-2.14598965644836
"A21000.txt",-1.72073197364807
"B12473.txt",-1.06332921981812
"A22733.txt",-2.68122124671936
"A08586.txt",-1.71281027793884
"A15511.txt",-0.389401018619537
"B12016.txt",-1.58589053153992
"B08144.txt",-1.26002943515778
"A21060.txt",-1.30662870407104
"A19986.txt",-1.42797911167145
"A16479.txt",-1.61087918281555
"A22086.txt",-2.26569652557373
"A72851.txt",-0.534610271453857
"A12980.txt",-1.75495564937592
"A05212.txt",-1.00618159770966
"A12974.txt",-1.9810220003128
"A04780.txt",-1.43041086196899
"A04771.txt",-2.39717102050781
"A11918.txt",-0.828020870685577
"A12800.txt",-1.30207538604736
"A08896.txt",-1.9952107667923
"A18976.txt",-1.7931501865387
"A07662.txt",-1.29220497608185
"A07764.txt",-2.77641129493713
"A72164.txt",-1.33130884170532
"A01676.txt",-2.3527684211731
"A17128.txt",-1.84484803676605
"A08356.txt",-1.7940399646759
"A08930.txt",-2.07717537879944
"A03001.txt",-1.89710927009582
"B12431.txt",-2.65462851524353
"A17127.txt",-1.29954445362091
"A15369.txt",-2.59319233894348
"A16708.txt",-0.576147854328156
"A10398.txt",-0.319064915180206
"A15502.txt",-1.013503074646
"A13560.txt",-2.38994741439819
"A20031.txt",-1.91023075580597
"A20549.txt",-1.78940296173096
"A08552.txt",-1.783358335495
"B12309.txt",-0.195583492517471
"A10801.txt",-1.72692537307739
"A02028.txt",-0.495099455118179
"A07254.txt",-3.03169989585876
"A02639.txt",-1.85429322719574
"A10710.txt",-2.35527467727661
"A14976.txt",-2.49637746810913
"A68951.txt",-1.49465036392212
"A20764.txt",-0.713838756084442
"A15291.txt",-2.5415244102478
"A07277.txt",-2.01115298271179
"A03647.txt",-2.23573112487793
"B00960.txt",-2.22051429748535
"A04377.txt",-1.86202168464661
"A17968.txt",-1.89877998828888
"A07610.txt",-2.35337162017822
"B14673.txt",-1.11218678951263
"A12064.txt",-3.02792859077454
"B11989.txt",-0.432171434164047
"A69170.txt",-0.659430861473083
"A10059.txt",-2.88111782073975
"B15264.txt",-1.71378302574158
"A05236.txt",-1.77805912494659
"B00820.txt",-1.13708639144897
"A17018.txt",-0.398322135210037
"A00944.txt",-1.90621328353882
"A13252.txt",-2.21560645103455
"B13520.txt",-1.14437890052795
"B00148.txt",-1.02306306362152
"A15350.txt",-1.58189284801483
"A03064.txt",-0.465305179357529
"A05054.txt",-1.57080733776093
"A68508.txt",-1.4179185628891
"A97350.txt",-1.561448097229
"A00665.txt",-2.63772296905518
"A03780.txt",-1.55805695056915
"A21260.txt",-0.726996958255768
"A09670.txt",-0.96913731098175
"A20992.txt",-2.70383906364441
"A10341.txt",-1.65813767910004
"A15030.txt",-2.22213554382324
"A21038.txt",-1.77921152114868
"A73456.txt",-1.28071117401123
"A14661.txt",-1.18698704242706
"A73905.txt",-0.963465213775635
"A14910.txt",-2.25487518310547
"A04389.txt",-1.64476239681244
"A09002.txt",-2.33125305175781
"A00546.txt",-2.14607286453247
"A07363.txt",-2.27633595466614
"A07344.txt",-0.310280054807663
"A73074.txt",-2.51264643669128
"A72433.txt",-2.69725775718689
"B14600.txt",-2.86117458343506
"A10508.txt",-1.66544854640961
"A19893.txt",-1.33521592617035
"A07594.txt",-2.36859846115112
"B14575.txt",-2.23153829574585
"A03254.txt",-1.09746992588043
"A16171.txt",-0.921043455600738
"A08488.txt",-0.454378247261047
"A13281.txt",-0.871662974357605
"A08150.txt",-2.48757910728455
"B00819.txt",-2.24465847015381
"A01503.txt",-1.99395990371704
"A15484.txt",-0.831505179405212
"A22551.txt",-2.77958273887634
"A16313.txt",-2.13629603385925
"A13656.txt",-3.32265520095825
"A11616.txt",-2.13369941711426
"B00228.txt",-0.93412446975708
"A21041.txt",-1.50520884990692
"A06697.txt",-1.43533682823181
"A19091.txt",-0.151647299528122
"A13062.txt",-2.30633854866028
"A73267.txt",-0.839675188064575
"A08890.txt",-1.15680503845215
"A04827.txt",-1.26088035106659
"B11637.txt",-1.28563070297241
"A03409.txt",-1.95912945270538
"A03617.txt",-2.29604601860046
"A03885.txt",-1.56951832771301
"A08054.txt",-1.87990522384644
"A09899.txt",-2.51836562156677
"A03089.txt",-2.01112031936646
"A19938.txt",-0.845859050750732
"A15068.txt",-1.93057310581207
"A20760.txt",-2.55974078178406
"A22507.txt",-1.9186989068985
"A05338.txt",-1.47861289978027
"A15815.txt",-1.20179200172424
"A04371.txt",-0.908437788486481
"A15734.txt",-1.1637761592865
"A04528.txt",-1.83062160015106
"A68868.txt",-1.6572597026825
"A07213.txt",-0.895313024520874
"A08539.txt",-2.10521697998047
"A12218.txt",-3.0493757724762
"A15713.txt",-0.457827538251877
"A20986.txt",-1.56623768806458
"A18207.txt",-1.85091996192932
"A18015.txt",-1.13342475891113
"A11627.txt",-2.4990701675415
"A68255.txt",-1.31868886947632
"A09847.txt",-1.87063145637512
"B15165.txt",-2.11008286476135
"A69234.txt",-0.190364941954613
"A22287.txt",-2.60731077194214
"A21024.txt",-2.02950429916382
"B11172.txt",-0.898862898349762
"A12780.txt",-2.2404932975769
"A16174.txt",-2.11542630195618
"A13630.txt",-2.31846833229065
"A15075.txt",-2.69144344329834
"A09514.txt",-1.6280232667923
"B07186.txt",-1.04972445964813
"A02915.txt",-0.788746893405914
"A72314.txt",-0.350586295127869
"A03930.txt",-0.392950683832169
"A14038.txt",-2.16527152061462
"B16246.txt",-2.8400309085846
"A13292.txt",-2.53429651260376
"A68164.txt",-2.45204091072083
"A08206.txt",-1.68547451496124
"A17474.txt",-2.1622142791748
"A17026.txt",-2.78386950492859
"A05205.txt",-1.67394602298737
"A01019.txt",-1.6513397693634
"B11899.txt",-2.33676981925964
"A08132.txt",-2.59712839126587
"A10301.txt",-1.50316834449768
"A07129.txt",-1.07259011268616
"A17335.txt",-1.7120578289032
"A09507.txt",-2.66898798942566
"A20950.txt",-3.16347432136536
"A18126.txt",-2.12909388542175
"A15693.txt",-2.27236890792847
"A00741.txt",-2.29977297782898
"A04629.txt",-1.00368440151215
"A19858.txt",-0.660915493965149
"A17140.txt",-1.7462066411972
"B12526.txt",-0.66443407535553
"A14264.txt",-2.1340069770813
"A04763.txt",-2.31905651092529
"A13405.txt",-2.90404224395752
"A22541.txt",-2.98647570610046
"A08055.txt",-0.813365638256073
"A19758.txt",-1.08148586750031
"A18073.txt",-0.966741740703583
"A10898.txt",-0.517032563686371
"A68966.txt",-1.99197399616241
"A04367.txt",-1.04100394248962
"A06030.txt",-0.785938143730164
"B11307.txt",-1.27109825611115
"A08327.txt",-1.02758359909058
"A04605.txt",-1.58622002601624
"A00822.txt",-0.926508843898773
"A15336.txt",-0.231471866369247
"A10750.txt",-2.12709450721741
"A06631.txt",-3.94239521026611
"B11956.txt",-1.41708052158356
"A13158.txt",-1.17651951313019
"B16291.txt",-1.67220437526703
"B13640.txt",-2.84110450744629
"A14502.txt",-2.85091686248779
"B00832.txt",-1.97096085548401
"A73418.txt",-1.68428492546082
"A08771.txt",-1.41013836860657
"B08142.txt",-1.34007954597473
"A12485.txt",-1.14823591709137
"A14282.txt",-2.00851488113403
"B00818.txt",-1.04570388793945
"A72114.txt",-0.855753779411316
"A07768.txt",-1.74046814441681
"B00698.txt",-1.3715672492981
"A10737.txt",-0.912220120429993
"A21655.txt",-0.397816717624664
"B16083.txt",-1.87411272525787
"A15000.txt",-1.91609406471252
"A05289.txt",-2.53017568588257
"A01898.txt",-1.87786221504211
"A73748.txt",-1.02731013298035
"A18252.txt",-1.42102742195129
"A03615.txt",-0.837617218494415
"A13488.txt",-2.77187347412109
"A72420.txt",-1.55785846710205
"A09867.txt",-0.818705499172211
"A10877.txt",-2.40832233428955
"A20475.txt",-0.694205224514008
"A05417.txt",0.0812230482697487
"B07393.txt",-1.13586783409119
"A09883.txt",-1.07916283607483
"A06749.txt",-0.886007785797119
"A18588.txt",-1.13806259632111
"A13710.txt",-2.40118455886841
"A03809.txt",-1.29196357727051
"A20524.txt",-1.7355409860611
"A13233.txt",-3.3507969379425
"A05336.txt",-1.1637876033783
"A09486.txt",-1.96349346637726
"A10467.txt",-2.2924530506134
"A16702.txt",-2.04273748397827
"A19985.txt",-0.923049807548523
"A72087.txt",-2.10431671142578
"A12570.txt",-1.23477256298065
"B14926.txt",-1.86112582683563
"A09887.txt",-1.53083527088165
"A21790.txt",-3.52284383773804
"A17371.txt",-0.978301107883453
"A19765.txt",-1.9847160577774
"A73391.txt",-1.49282050132751
"A07348.txt",-0.969565808773041
"A13288.txt",-1.22525501251221
"B00718.txt",-1.28269779682159
"A10557.txt",-1.34767830371857
"B14792.txt",-1.1209225654602
